Workbook

Sheet Лист 1
A1: Прайс-лист на запасные части
A2: Наименование организации | C2: ООО "БТЛ-Сервис"
A3: ИНН | C3: 7536164300
A4: Юр. Адрес | C4: 117342, город Москва, вн.тер.г. муниципальный округ Коньково, улица Бутлерова, дом 17Б, помещение 60Б/11/2
A5: Адрес эл. почты контактного лица | C5: A.Skachkov@btlogistic.ru
A6: ____________________________________ (подпись, М.П.) ____________________________________ (ФИО подписавшего, должность)
A8: № п/п | B8: Код ОКП | C8: Наименование запасной части | D8: Каталожный номер/артикул | E8: Рекомендованная розничная цена в USD/РУБ, без НДС за шт., действующая до изменения на заводе-изготовителе (с учётом доставки до Красноярска (+5%))
A9: 1 | B9: =D9 -> BELAZ G-Profi Trans 80W-90 | C9: Масло трансмиссионное BELAZ G-Profi Trans 80W-90, л | D9: BELAZ G-Profi Trans 80W-90 | E9: 379.61
A10: 2 | B10: =D10 -> BELAZ G-Profi Trans Plus 680 | C10: Масло трансмиссионное BELAZ G-Profi Trans Plus 680, л | D10: BELAZ G-Profi Trans Plus 680 | E10: 1070.71
A11: 3 | B11: =D11 -> Samson EU-Standard G13/G12++ | C11: Антифриз Samson EU-Standard G13/G12++ фиолетовый, кг | D11: Samson EU-Standard G13/G12++ | E11: 2554.256
A12: 4 | B12: =D12 -> L140 | C12: ЩЕТКА ЭЛЕКТРОГРАФИТОВАЯ ЭГ-74 25*32*40 L140 | D12: L140 | E12: 951.8544
A13: 5 | B13: =D13 -> EKO-01.24 | C13: ФИЛЬТР ВОЗДУШНЫЙ ЕКО-01.24 (040-1109080 / НСФ-01-09 / AG334) | D13: EKO-01.24 | E13: 557.28809
A14: 6 | B14: =D14 -> 3563825 | C14: Жидкость охлаждающая низкозамерзающая ЛУКОЙЛ АНТИФРИЗ G12++ , л | D14: 3563825 | E14: 208.98303
A15: 7 | B15: =D15 -> 1720236 | C15: Смазка Синтофлекс 2-100 0,4 кг | D15: 1720236 | E15: 1628.8
A16: 8 | B16: =D16 -> ДИФА-4238 | C16: Фильтр воздушный ДИФА-4238 | D16: ДИФА-4238 | E16: 1272.8
A17: 9 | B17: =D17 -> ЕЕ 102227 (432 410 222 7) | C17: Фильтр осушителя | D17: ЕЕ 102227 (432 410 222 7) | E17: 1133.9
A18: 10 | B18: =D18 -> ЕЕ100300 (В4305МК) | C18: Фильтр воздушный внешний | D18: ЕЕ100300 (В4305МК) | E18: 6155.7
A19: 11 | B19: =D19 -> ЕЕ100301 (В4305MK-01) | C19: Фильтр воздушный предохранительный | D19: ЕЕ100301 (В4305MK-01) | E19: 2446.3
A20: 12 | B20: =D20 -> EE500600/М5409МК | C20: Фильтр масляного бака | D20: EE500600/М5409МК | E20: 7893.1
A21: 13 | B21: =D21 -> 120-130-58-2-2 | C21: Кольцо обогревателя топлива | D21: 120-130-58-2-2 | E21: 100.5
A22: 14 | B22: =D22 -> EE502300 (М5402МК) | C22: Фильтр масляный р.у. | D22: EE502300 (М5402МК) | E22: 1815.6
A23: 15 | B23: =D23 -> ЕЕ 148200 (В4701МК) | C23: Фильтр воздушный кабины | D23: ЕЕ 148200 (В4701МК) | E23: 1569.1
A24: 16 | B24: =D24 -> EE100310 (4347МК) | C24: Фильтр сапуна маслобака и РМК | D24: EE100310 (4347МК) | E24: 363.8
A25: 17 | B25: =D25 -> ЕЕ 300100 (240-1017040) | C25: ФИЛЬТР МАСЛЯНЫЙ ЕЕ 300100 (240-1017040) | D25: ЕЕ 300100 (240-1017040) | E25: 323.78
A26: 18 | B26: =D26 -> ЕЕ 300500 (М5203) | C26: ФИЛЬТР МАСЛЯНЫЙ ЕЕ 300500 (М5203) | D26: ЕЕ 300500 (М5203) | E26: 1124.66
A27: 19 | B27: =D27 -> ЕЕ 790420 (PL420) | C27: ФИЛЬТР ТОПЛИВНЫЙ ЕЕ 790420 (PL420) | D27: ЕЕ 790420 (PL420) | E27: 1972.82
... A64: 56 | B64: =D64 -> 200333-П29 | C64: БОЛТ 200333-П29 (креп/впуск коллектора) М10*1,5*120 | D64: 200333-П29 | E64: 63.625518
A65: 57 | B65: =D65 -> 201454 | C65: БОЛТ M8-6gx16 201454 | D65: 201454 | E65: 11.57098
A66: 58 | B66: =D66 -> 240-1005537 (310001-П2) | C66: Болт крепления полумуфты отбора мощности ЯМЗ-240 240-1005537 (310001-П2) | D66: 240-1005537 (310001-П2) | E66: 480.06182
A67: 59 | B67: =D67 -> 236-1004063-БЗ | C67: БОЛТ КРЫШКИ ШАТУНА ДЛИННЫЙ (ЯМЗ) 236-1004063-БЗ | D67: 236-1004063-БЗ | E67: 595.73196
A68: 60 | B68: =D68 -> 236-1004062-БЗ | C68: БОЛТ КРЫШКИ ШАТУНА КОРОТКИЙ (ЯМЗ) 236-1004062-БЗ | D68: 236-1004062-БЗ | E68: 653.57694
A69: 61 | B69: =D69 -> 200274-П29 | C69: БОЛТ М 8*1,25*75 (ЯМЗ) 200274-П29 | D69: 200274-П29 | E69: 17.351513
A70: 62 | B70: =D70 -> 310239-П29 | C70: БОЛТ М10х1-6gх40 310239-П29 | D70: 310239-П29 | E70: 109.88961
A71: 63 | B71: =D71 -> M6*25 | C71: БОЛТ М6*25 черн. | D71: M6*25 | E71: 11.57098
A72: 64 | B72: =D72 -> 240-3708720 | C72: БОЛТ СТЯЖНОЙ 240-3708720 | D72: 240-3708720 | E72: 150.38308
A73: 65 | B73: =D73 -> 240-1104336-Б | C73: Втулка уплотнит. трубки подвода масла к ТКР ЯМЗ-236, 238, 240 240-1104336-Б | D73: 240-1104336-Б | E73: 17.351513
A74: 66 | B74: =D74 -> 240-1007247 | C74: ВТУЛКА ОСИ ТОЛКАТЕЛЕЙ 240-1007247 (крайняя) | D74: 240-1007247 | E74: 433.78781
A75: 67 | B75: =D75 -> 236-1006037-AP | C75: Втулка 53х68х30 р/в ЯМЗ рем. 236-1006037-АР | D75: 236-1006037-AP | E75: 1978.0724
A76: 68 | B76: =D76 -> 236-1007186 | C76: ВТУЛКА ТОЛКАТЕЛЯ 236-1007186 | D76: 236-1007186 | E76: 104.10907
A77: 69 | B77: =D77 -> 311412-П29 | C77: Гайка М27Х2 ШС р/в ЯМЗ (С58) 311412-П29 | D77: 311412-П29 | E77: 289.19518
... A148: 140 | B148: =D148 -> 201458-П29 | C148: БОЛТ 201458-П29 | D148: 201458-П29 | E148: 624.65445
A149: 141 | B149: =D149 -> 201495 | C149: БОЛТ М10-6gx20.68.019 ГОСТ 7796-70 201495 | D149: 201495 | E149: 38.867388
A150: 142 | B150: =D150 -> 201464 | C150: БОЛТ M8-6GX40 201464 | D150: 201464 | E150: 11.561065
A151: 143 | B151: =D151 -> M6-6gx16.88.016 | C151: БОЛТ М6-6gх16.88.016 (201418) | D151: M6-6gx16.88.016 | E151: 16.657452
A152: 144 | B152: =D152 -> 250511-П29 | C152: ГАЙКА 250511-П29 (ВОД/ТРУБЫ) М8Х1 | D152: 250511-П29 | E152: 23.14196
A153: 145 | B153: =D153 -> M10-6H.6.016 | C153: ГАЙКА М10-6Н.6.016 (250512) | D153: M10-6H.6.016 | E153: 33.314904
A154: 146 | B154: =D154 -> M6-6H.6.016 ГОСТ 5927-70 | C154: ГАЙКА М6-6Н.6.016 ГОСТ 5927-70 (250508) | D154: M6-6H.6.016 ГОСТ 5927-70 | E154: 11.561065
A155: 147 | B155: =D155 -> 240-1002503-Б2 | C155: ЗАГЛУШКА БЛОКА ЯМЗ-240 (ВОДЯНОГО КАНАЛА) 240-1002503-Б2 | D155: 240-1002503-Б2 | E155: 960.54007
A156: 148 | B156: =D156 -> 240Н-1115025-В | C156: КОЛЛЕКТОР ВПУСКНОЙ 240Н-1115025-В | D156: 240Н-1115025-В | E156: 8932.5586
A157: 149 | B157: =D157 -> 240H-1115024-B | C157: КОЛЛЕКТОР ВПУСКНОЙ ЗАДНИЙ ПРАВЫЙ 240Н-1115024-В | D157: 240H-1115024-B | E157: 8502.2411
A158: 150 | B158: =D158 -> 236-1004022-Б | C158: КОЛЬЦО СТОПОРНОЕ 236-1004022-Б | D158: 236-1004022-Б | E158: 271.84367
A159: 151 | B159: =D159 -> 240Н-1004005-А2 | C159: КОМПЛЕКТ (ГИЛЬЗА, ПОРШЕНЬ, ПОРШНЕВЫЕ И УПЛОТНИТЕЛЬНЫЕ КОЛЬЦА, ЯМЗ 240НМ2) 240Н-1004005-А2 | D159: 240Н-1004005-А2 | E159: 11752.754
A160: 152 | B160: =D160 -> 240-1000001-02 | C160: КОМПЛЕКТ ПРОКЛАДОК ЯМЗ-240 РАЗД.ГБЦ (ПАРОНИТ) 240-1000001-02 | D160: 240-1000001-02 | E160: 3285.2263
A161: 153 | B161: =D161 -> 5320-1013095 (BC-11) | C161: КРАН МАСЛЯНЫЙ КамАЗ 5320-1013095 (ВС-11) | D161: 5320-1013095 (BC-11) | E161: 393.29434
A162: 154 | B162: =D162 -> 236-1005160-А4 | C162: МАНЖЕТА 1,1-140-170-13 236-1005160-А4 | D162: 236-1005160-А4 | E162: 1411.263
... A190: 182 | B190: =D190 -> 204A-1011310B | C190: СЕТКА ЗАБОРНИКА 204А-1011310В | D190: 204A-1011310B | E190: 312.32722
A191: 183 | B191: =D191 -> 201501 | C191: БОЛТ М10-6GX35 ГОСТ 7808-70 201501 | D191: 201501 | E191: 34.703025
A192: 184 | B192: =D192 -> 240-1011420 | C192: ТРУБКА ОТВОДЯЩАЯ РАДИАТОРНОЙ СЕКЦИИ МАСЛ. НАСОСА ДВИГ. ЯМЗ-240 240-1011420 | D192: 240-1011420 | E192: 1735.1512
A193: 185 | B193: =D193 -> TM-111/TM-111-06 | C193: Датчик температуры аварийный ТМ-111 (ДАТЖ, ТМ-101) КамАЗ,БЕЛАЗ,УРАЛ,УАЗ | D193: TM-111/TM-111-06 | E193: 393.63145
A194: 186 | B194: =D194 -> TM-100A/B | C194: Датчик температуры ТМ-100А/В | D194: TM-100A/B | E194: 451.13932
A195: 187 | B195: =D195 -> 240H-100847 | C195: ПАТРУБОК-КРОНШТЕЙН 240Н-1008475 (правый) | D195: 240H-100847 | E195: 16298.851
A196: 188 | B196: =D196 -> 700А.1300012 | C196: ШЛАНГ РАД-РА 700А.1300012 | D196: 700А.1300012 | E196: 474.34078
A197: 189 | B197: =D197 -> 201505-П29 | C197: БОЛТ 201505-П29 | D197: 201505-П29 | E197: 57.83507
A198: 190 | B198: =D198 -> 201544-П29 | C198: БОЛТ 201544-П29 М12*40 | D198: 201544-П29 | E198: 34.703025
A199: 191 | B199: =D199 -> 201563-П29 | C199: БОЛТ 201563-П29 (кронштейн стартера) М12*30*1,25 | D199: 201563-П29 | E199: 34.703025
A200: 192 | B200: =D200 -> 240-1104433 | C200: БОЛТ-ШТУЦЕР 240-1104433 (топл/трубки) М14*66 | D200: 240-1104433 | E200: 647.78649
A201: 193 | B201: =D201 -> 310118-П29 | C201: БОЛТ 310118-П29 | D201: 310118-П29 | E201: 161.94414
A202: 194 | B202: =D202 -> 4593271074 | C202: БОЛТ 45 9327 1074 (привода вентилятора) М10*105 | D202: 4593271074 | E202: 179.29566
A203: 195 | B203: =D203 -> 4593276074 | C203: БОЛТ 45 9327 6074 (М10*2*105) | D203: 4593276074 | E203: 231.35019
A204: 196 | B204: =D204 -> 310122-П29 | C204: БОЛТ М10x1-6G-13 (БАНДЖО) 310122-П29 | D204: 310122-П29 | E204: 173.51512
A205: 197 | B205: =D205 -> 201420-П29 | C205: БОЛТ 6Х20 201420-П29 | D205: 201420-П29 | E205: 11.57098
A206: 198 | B206: =D206 -> 201460 | C206: БОЛТ M8-6gх30 201460 | D206: 201460 | E206: 11.57098
A207: 199 | B207: =D207 -> 240H-1008504 | C207: БОЛТ крепл. коллект.(ЯМЗ) 240Н-1008504 | D207: 240H-1008504 | E207: 150.38308
A208: 200 | B208: =D208 -> 201499 | C208: БОЛТ М10-6gх30 201499 | D208: 201499 | E208: 75.186582
A209: 201 | B209: =D209 -> 4539224179 M10-6gx25.88.0 | C209: БОЛТ М10-6gх25.68.019 ГОСТ 7796-70 201497-П29 (201497) | D209: 4539224179 M10-6gx25.88.0 | E209: 23.132045
A210: 202 | B210: =D210 -> 310096-П29 | C210: БОЛТ М14х1,5х25 (БАНДЖО) 310096-П29 | D210: 310096-П29 | E210: 231.35019
A211: 203 | B211: =D211 -> 240H-1017218 | C211: БОЛТ М20х1,5х38 (БАНДЖО) 240Н-1017218 | D211: 240H-1017218 | E211: 983.25568
A212: 204 | B212: =D212 -> 201470-П29 | C212: БОЛТ 201470-П29 (мноrофункц) М8*1,25*60 | D212: 201470-П29 | E212: 23.132045
A213: 205 | B213: =D213 -> 8.9234 | C213: БОЛТ 8.9234 ГМ | D213: 8.9234 | E213: 43.963775
A214: 206 | B214: =D214 -> 200270-П29 | C214: БОЛТ 200270-П29 (мноrофункц) М8*1,25*55 | D214: 200270-П29 | E214: 40.483557
A215: 207 | B215: =D215 -> 201456-П29 | C215: БОЛТ 201456-П29 (многофункц) М8х20 | D215: 201456-П29 | E215: 17.351513
A216: 208 | B216: =D216 -> 240-1104359 | C216: ВВЕРТЫШ 240-1104359 | D216: 240-1104359 | E216: 173.51512
A217: 209 | B217: =D217 -> 238-1000104-В2 | C217: ВКЛАДЫШИ ШАТУННЫЕ 238-1000104-В2 | D217: 238-1000104-В2 | E217: 4025.5509
A218: 210 | B218: =D218 -> 240-1003477 | C218: ВТУЛКА ПРОСТАВКИ 240-1003477 | D218: 240-1003477 | E218: 69.40605
A219: 211 | B219: =D219 -> 236-1006026-A | C219: ВТУЛКА РАСПРЕДЕЛИТЕЛЬНОГО ВАЛА БОЛЬШАЯ 236-1006026-А (завод) | D219: 236-1006026-A | E219: 2128.4555
A220: 212 | B220: =D220 -> 250636-П29 | C220: ГАЙКА 250636-П29 | D220: 250636-П29 | E220: 23.132045
... A288: 280 | B288: =D288 -> 200377-П29 | C288: БОЛТ М12*90*1,75 крышки КПП вторичного вала ЯМЗ 200377-П29 | D288: 200377-П29 | E288: 66.223287
A289: 281 | B289: =D289 -> 201456 | C289: БОЛТ М8х1,25х20 201456 | D289: 201456 | E289: 17.063973
A290: 282 | B290: =D290 -> 240-1000104-Б2 | C290: ВКЛАДЫШИ ШАТУННЫЕ 240-1000104-Б2 | D290: 240-1000104-Б2 | E290: 6450.9552
A291: 283 | B291: =D291 -> 236-1007032-Б/ФР-6979 | C291: ВТУЛКА НАПРАВЛЯЮЩАЯ ВПУСКНОГО КЛАПАНА 236-1007032-Б/ФР-6979 (К3.30.0167-02) | D291: 236-1007032-Б/ФР-6979 | E291: 557.36033
A292: 284 | B292: =D292 -> 250508-П29 | C292: ГАЙКА 250508-П29 | D292: 250508-П29 | E292: 22.071124
A293: 285 | B293: =D293 -> 311445-П5 | C293: ГАЙКА 311445-П5 | D293: 311445-П5 | E293: 209.69551
A294: 286 | B294: =D294 -> 250661 | C294: ГАЙКА М24х2-6Н.6.019 (S36) 250661 | D294: 250661 | E294: 342.14208
A295: 287 | B295: =D295 -> 240H-1004006-A | C295: ГИЛЬЗА ПОРШЕНЬ+КОЛЬЦА ЯМЗ-240 ТУРБО (Ярославль) (разд.гол.) (с пальцем) 240Н-1004006-А | D295: 240H-1004006-A | E295: 14412.622
A296: 288 | B296: =D296 -> Д-4 | C296: ДАТЧИК ТАХОМЕТРА Д-4 | D296: Д-4 | E296: 16947.589
A297: 289 | B297: =D297 -> 240H-1002310 | C297: КАРТЕР МАХОВИКА 240H-1002310 | D297: 240H-1002310 | E297: 89954.792
A298: 290 | B298: =D298 -> 240Н-1017310-Б | C298: КЛАПАН ОБРАТНЫЙ ФГОМ ЯМЗ-240Н 240Н-1017310-Б | D298: 240Н-1017310-Б | E298: 2703.9903
A299: 291 | B299: =D299 -> 25.3111.2162 | C299: КОЛЬЦО упл. 240-1303099 (система) | D299: 25.3111.2162 | E299: 12.512919
A300: 292 | B300: =D300 -> 240H-1011449 | C300: КОЛЬЦО упл. 240Н-1011449 (форс) | D300: 240H-1011449 | E300: 22.755269
A301: 293 | B301: =D301 -> 236-1007262 | C301: МАНЖЕТА КЛАПАНА В СБОРЕ 236-1007262 | D301: 236-1007262 | E301: 209.70542
...
